Name,ScreenName,Country
SamBird,sambirdofficial,United Kingdom
RobinFrijns,RFrijns,Netherlands
OliverTurvey,OliverTurvey,United Kingdom
MaQingHua,maqinghuaF1,China
StoffelVandoorne,svandoorne,Belgium
NyckDeVries,nyckdevries,Netherlands
BrendonHartley,BrendonHartley,New Zealand
NicoMueller,nico_mueller,Switzerland
LucasdiGrassi,LucasdiGrassi,Brazil
DanielAbt,Daniel_Abt,Germany
AntonioFelixdaCosta,afelixdacosta,Portugal
JeanEricVergne,JeanEricVergne,France
NeelJani,neeljani,Switzerland
AndreLotterer,Andre_Lotterer,Germany
FelipeMassa,MassaFelipe19,Brazil
EdoardoMortara,edomortara,Switzerland
MitchEvans,mitchevans_,New Zealand
JamesCalado,CaladoJames,United Kingdom
OliverRowland,oliverrowland1,United Kingdom
SebastienBuemi,Sebastien_buemi,Switzerland
AlexanderSims,AlexanderSims,United Kingdom
MaximilianGuenther,maxg_official,Germany
JeromeDAmbrosio,thereal_JDA,Belgium
PascalWehrlein,PWehrlein,Germany
FelipeNasr,FelipeNasr,Brazil
GaryPaffett,GaryPaffett,United Kingdom
TomDillmann,TomDillmann,France
JoseMariaLopez,pechito37,Argentina
AlexLynn,alexlynnracing,United Kingdom
FelixRosenqvist,FRosenqvist,Sweden
NelsonPiquet,NelsonPiquet,Brazil
